Company,Recommendations
-,6
-,6
-,6
-,6
-,6
-,6
-,6
-,6
-,6
-,6
--,6
--,6
--,6
--,6
--,6
--,6
--,6
--,6
--,6
--,6
--,6
--,6
--,6
--,6
--,6
--,6
--,6
--,6
--,6
--,6
--,6
--,6
--,6
--,6
--,6
--,6
--,6
--,6
--,6
--,6
--,6
--,6
--,6
--,6
--,6
--,6
--,6
--,6
--,6
--,6
--,6
--,6
--,6
--,6
--,6
--,6
--,6
--,6
--,6
---,6
---,6
---,6
---,6
---,6
---,6
---,6
---,6
---,6
---,6
---,6
---,6
---,6
---,6
---,6
---,6
---,6
---,6
---,6
---,6
---,6
---,6
---,6
---,6
---,6
---,6
---,6
---,6
---,6
---,6
---,6
---,6
---,6
---,6
---,6
---,6
---,6
---,6
---,6
---,6
---,6
---,6
---,6
---,6
---,6
---,6
---,6
---,6
---,6
---,6
---,6
---,6
---,6
---,6
---,6
---,6
---,6
---,6
---,6
---,6
---,6
---,6
---,6
---,6
---,6
---,6
---,6
---,6
---,6
---,6
---,6
---,6
---,6
---,6
---,6
---,6
---,6
---,6
---,6
---,6
---,6
---,6
---,6
---,6
---,6
---,6
---,6
---,6
---,6
---,6
---,6
---,6
---,6
---,6
---,6
---,6
---,6
---,6
---,6
---,6
---,6
---,6
---,6
---,6
---,6
---,6
---,6
---,6
---,6
---,6
---,6
---,6
---,6
---,6
---,6
---,6
---,6
---,6
---,6
---,6
---,6
---,6
---,6
---,6
---,6
---,6
---,6
---,6
---,6
---,6
---,6
---,6
---,6
---,6
---,6
---,6
---,6
---,6
---,6
---,6
---,6
---,6
---,6
---,6
---,6
---,6
---,6
---,6
---,6
---,6
---,6
---,6
---,6
---,6
---,6
---,6
---,6
---,6
---,6
---,6
---,6
---,6
---,6
---,6
---,6
---,6
---,6
---,6
---,6
---,6
---,6
---,6
---,6
---,6
---,6
---,6
---,6
---,6
---,6
---,6
---,6
---,6
---,6
---,6
---,6
---,6
---,6
---,6
---,6
---,6
---,6
---,6
---,6
---,6
---,6
---,6
---,6
---,6
---,6
---,6
---,6
---,6
---,6
---,6
---,6
---,6
---,6
---,6
---,6
---,6
---,6
---,6
---,6
---,6
---,6
---,6
---,6
---,6
---,6
---,6
---,6
---,6
---,6
---,6
---,6
---,6
---,6
---,6
---,6
---,6
---,6
---,6
---,6
---,6
---,6
---,6
---,6
---,6
---,6
---,6
---,6
---,6
---,6
---,6
---,6
---,6
---,6
---,6
---,6
---,6
---,6
---,6
---,6
---,6
---,6
---,6
---,6
---,6
---,6
---,6
---,6
---,6
---,6
---,6
---,6
---,6
---,6
---,6
---,6
---,6
---,6
---,6
---,6
---,6
---,6
---,6
---,6
---,6
---,6
---,6
---,6
---,6
---,6
---,6
---,6
---,6
---,6
---,6
---,6
---,6
---,6
---,6
---,6
---,6
---,6
---,6
----,6
----,6
----,6
----,6
----,6
----,6
----,6
----,6
----,6
----,6
----,6
----,6
----,6
----,6
----,6
----,6
----,6
----,6
----,6
----,6
----,6
----,6
----,6
----,6
----,6
----,6
----,6
----,6
----,6
----,6
----,6
----,6
----,6
----,6
----,6
----,6
----,6
----,6
----,6
----,6
----,6
----,6
----,6
----,6
----,6
----,6
----,6
----,6
----,6
----,6
----,6
----,6
----,6
----,6
----,6
----,6
----,6
----,6
----,6
----,6
----,6
----,6
----,6
----,6
----,6
----,6
----,6
----,6
----,6
----,6
----,6
----,6
----,6
----,6
----,6
----,6
----,6
----,6
----,6
----,6
----,6
----,6
----,6
----,6
----,6
----,6
----,6
----,6
----,6
----,6
----,6
----,6
----,6
----,6
----,6
----,6
----,6
----,6
----,6
----,6
----,6
----,6
----,6
----,6
----,6
----,6
----,6
----,6
----,6
----,6
----,6
----,6
----,6
----,6
----,6
----,6
----,6
----,6
----,6
----,6
----,6
----,6
----,6
----,6
----,6
----,6
----,6
----,6
----,6
----,6
----,6
----,6
----,6
----,6
----,6
----,6
----,6
----,6
----,6
----,6
----,6
----,6
----,6
----,6
----,6
-----,6
-----,6
-----,6
